A,Ca,Ce,D,I
0.125714286,21.14285714,25.71428571,0.4,0.532857143
0.125714286,21.14285714,25.57142857,0.401428571,0.531428571
