CBO,DIT,LCOM,NOC,RFC,WMC
13.35294118,2,2.176470588,0.235294118,94.05882353,71.35294118
13.35294118,2,2.176470588,0.235294118,93.88235294,71.17647059
