CBO,DIT,LCOM,NOC,RFC,WMC
7.375,2.625,3,0,38.375,21.5
8,2.666666667,3.222222222,0,43.33333333,24
8,2.666666667,3,0,44.55555556,25.22222222
