A,Ca,Ce,D,I
0,17,15,0.53,0.48
0,11.33333333,8.333333333,0.506666667,0.5
0,11.33333333,8.333333333,0.506666667,0.5
